Topic,Question,Answer
Custom 1,Add your question here,and its answer here.
Custom 1,Add another question here,and another answer here.
Custom 2,You can change topics,as much as you want as well!
Custom 3,You can put as many questions as you wish,as long as each question has an answer.
Custom 3,The questions can be of any length,as long as each question has an answer.
Custom 3,Every question has an answer,that can also be of any length.
Custom 4,Just don't change the first row's text,because that is needed!
Custom 4,"That is to say, every subsequent row can contain questions",but don't modify the first row!
Custom 5,"The questions can contain 'single quotes' and ""double quotes"" or a mix of them",just make sure there is a pair of them.
Custom 6,So enjoy creating questions,and answers!
